{
  "id": "bb320978-fc36-45e0-a2a8-4ad0ff62fb3a",
  "timestamp": "2016-09-09T15:10:39.824Z",
  "result": {
    "source": "agent",
    "resolvedQuery": "green",
    "action": "order.pizza_customized.topping.olives",
    "actionIncomplete": false,
    "parameters": {
      "topping": [
        "onions",
        "sausage",
        "olives"
      ],
      "topping_olive": "green olives"
    },
    "contexts": [
      {
        "name": "topping-olive",
        "parameters": {
          "topping": [
            "onions",
            "sausage",
            "olives"
          ],
          "topping_olive": "green olives",
          "topping_olive.original": ""
        },
        "lifespan": 1
      },
      {
        "name": "order-product",
        "parameters": {
          "phone-number": "1230001234",
          "street.original": "30 Frank Lloyd Wright Drive",
          "zip-code.original": "48105",
          "city": "Ann Arbor",
          "state.original": "MI",
          "phone-number.original": "123-000-1234",
          "crust.original": "gluten-free",
          "city.original": "Ann Arbor",
          "crust": "gluten free",
          "size.original": "",
          "size": "",
          "exclude.original": "",
          "street": "30 Frank Lloyd Wright Drive",
          "topping_olive": "green olives",
          "exclude": "",
          "state": "Michigan",
          "topping.original": [
            "onions,",
            "sausage",
            "olives"
          ],
          "zip-code": "48105",
          "topping": [
            "onions",
            "sausage",
            "olives"
          ],
          "topping_olive.original": ""
        },
        "lifespan": 1
      },
      {
        "name": "add-topping",
        "parameters": {
          "size.original": "",
          "size": "",
          "exclude.original": "",
          "topping_olive": "green olives",
          "crust.original": "gluten-free",
          "exclude": "",
          "topping.original": [
            "onions,",
            "sausage",
            "olives"
          ],
          "topping": [
            "onions",
            "sausage",
            "olives"
          ],
          "crust": "gluten free",
          "topping_olive.original": ""
        },
        "lifespan": 3
      },
      {
        "name": "order-end",
        "parameters": {
          "topping.original": [
            "onions,",
            "sausage",
            "olives"
          ],
          "topping": [
            "onions",
            "sausage",
            "olives"
          ],
          "topping_olive": "green olives",
          "topping_olive.original": ""
        },
        "lifespan": 2
      }
    ],
    "metadata": {
      "intentId": "cec9127b-fb41-4598-b8b4-d50ad699c228",
      "webhookUsed": "true",
      "intentName": "order.pizza_customized - topping - green olive"
    },
    "fulfillment": {
      "speech": "Got it, what else today?"
    },
    "score": 1
  },
  "status": {
    "code": 206,
    "errorType": "partial_content",
    "errorDetails": "Webhook call failed. Status code 500. Error:500 INTERNAL SERVER ERROR"
  },
  "sessionId": "05cdab14-a5ef-49fa-910d-041ab6ac8980"
}